ID,Pred
2018_1104_1437,0.24194762675909814
2018_1104_1439,0.48014618945665255
2018_1112_1138,0.7907207177439375
2018_1113_1393,0.41618892898195914
2018_1116_1139,0.4211028210826921
2018_1120_1158,0.775891105748144
2018_1138_1246,0.22257193417508733
2018_1139_1345,0.40965180804932283
2018_1153_1209,0.836529673688062
2018_1153_1305,0.7569310447418205
2018_1155_1308,0.6194886045929083
2018_1166_1243,0.4925706355763906
2018_1168_1345,0.16548521281684458
2018_1172_1246,0.2637726295275641
2018_1181_1233,0.8616963645947959
2018_1196_1382,0.7599898821834314
2018_1196_1403,0.544976314226664
2018_1199_1211,0.31211707988887605
2018_1199_1276,0.35320456031542535
2018_1211_1422,0.790045868078547
2018_1222_1276,0.39701363792656363
2018_1222_1361,0.6548010985181549
2018_1242_1335,0.8513424190300808
2018_1242_1371,0.7609034563694238
2018_1242_1437,0.5462252826276432
2018_1243_1246,0.3133028318820232
2018_1243_1260,0.6054581069533169
2018_1243_1420,0.8285777783723304
2018_1254_1347,0.2701727077094704
2018_1260_1274,0.385929625224119
2018_1260_1276,0.2733685368819757
2018_1260_1305,0.44825131997908635
2018_1260_1397,0.35749205345165497
2018_1267_1452,0.19219013039040225
2018_1267_1455,0.2205640282209446
2018_1276_1285,0.7845901245902523
2018_1276_1401,0.6916941490813228
2018_1276_1437,0.4164290195745995
2018_1293_1452,0.27401411998756825
2018_1300_1411,0.439491276307555
2018_1305_1400,0.43768277329024835
2018_1326_1355,0.7902789623443575
2018_1345_1403,0.5999784929930172
2018_1347_1437,0.16614451992162052
2018_1372_1403,0.25032788110882825
2018_1382_1417,0.3865131930054278
2018_1397_1460,0.8038674448578723
2018_1403_1437,0.3590158616321324
2018_1420_1438,0.16499362404094034
2018_1437_1452,0.592071213077018
2018_1120_1155,0.589967443339269
2018_1137_1277,0.19701720218447955
2018_1155_1242,0.2752770102194748
2018_1181_1242,0.6371571419046121
2018_1181_1348,0.7967036565032548
2018_1181_1393,0.792808557635026
2018_1199_1281,0.5778951680559413
2018_1199_1462,0.4204878751672597
2018_1211_1326,0.6010338655197599
2018_1252_1314,0.15449462739016023
2018_1277_1393,0.6873734440807757
2018_1301_1371,0.5398266429135272
2018_1314_1401,0.7873587995109914
2018_1328_1348,0.4562368525851343
2018_1344_1401,0.3572621916737752
2018_1393_1395,0.5811529088643248
2018_1411_1462,0.15443203330436184
2018_1104_1112,0.28164972611013483
2018_1104_1113,0.4788086570500422
2018_1104_1116,0.4323724451848205
2018_1104_1120,0.34213092075365276
2018_1104_1137,0.6699190747507165
2018_1104_1138,0.6215834931739224
2018_1104_1139,0.3513727931384034
2018_1104_1153,0.24647067809405995
2018_1104_1155,0.40437880570061485
2018_1104_1158,0.6560922821358421
2018_1104_1166,0.467839140479554
2018_1104_1168,0.7999832183382675
2018_1104_1172,0.526338889655518
2018_1104_1181,0.18987711080911182
2018_1104_1196,0.3075156172896828
2018_1104_1199,0.4196558976000741
2018_1104_1209,0.7099445020043625
2018_1104_1211,0.26078963574733716
2018_1104_1222,0.3780477363410125
2018_1104_1233,0.7586136938999383
2018_1104_1242,0.22500916060024828
2018_1104_1243,0.4453403460510701
2018_1104_1246,0.26972824082578867
2018_1104_1252,0.7982070586456357
2018_1104_1254,0.8444135213567104
2018_1104_1260,0.5354561083178896
2018_1104_1267,0.739575991561637
2018_1104_1274,0.40649433738999535
2018_1104_1276,0.2880106073976793
2018_1104_1277,0.25480608592897025
2018_1104_1281,0.4797686387632902
2018_1104_1285,0.6065964788822622
2018_1104_1293,0.5146674068955546
2018_1104_1300,0.8569755946693849
2018_1104_1301,0.40202262836527625
2018_1104_1305,0.46711114194114906
2018_1104_1308,0.5053974105177244
2018_1104_1314,0.21068641062100896
2018_1104_1326,0.3068384739261719
2018_1104_1328,0.4481851073348791
2018_1104_1335,0.7550945373630754
2018_1104_1344,0.6071558909670239
2018_1104_1345,0.2758238217090684
2018_1104_1347,0.7645274772745283
2018_1104_1348,0.39488571724115684
2018_1104_1355,0.6500867485339518
2018_1104_1361,0.5152537539242117
2018_1104_1371,0.42340048155792226
2018_1104_1372,0.63940298846978
2018_1104_1382,0.5873666967961113
2018_1104_1393,0.38249746610802715
2018_1104_1395,0.44326064374084084
2018_1104_1397,0.37549590953468004
2018_1104_1400,0.3929654889450931
2018_1104_1401,0.4402089681784245
2018_1104_1403,0.3340246064963599
2018_1104_1411,0.849272299590558
2018_1104_1417,0.453359618241037
2018_1104_1420,0.8157246907570108
2018_1104_1422,0.5643908994693408
2018_1104_1438,0.2808717006569051
2018_1104_1452,0.2788795608167358
2018_1104_1455,0.3718835974231834
2018_1104_1460,0.7423716254701306
2018_1104_1462,0.33870226970164763
2018_1112_1113,0.7232830007668225
2018_1112_1116,0.6915506940951545
2018_1112_1120,0.6051101444441559
2018_1112_1137,0.8084338310498937
2018_1112_1139,0.610616271325847
2018_1112_1153,0.434269627061723
2018_1112_1155,0.6694364117507106
2018_1112_1158,0.8079196488265007
2018_1112_1166,0.716839117804585
2018_1112_1168,0.8507626364520521
2018_1112_1172,0.751628293559034
2018_1112_1181,0.2986587508144715
2018_1112_1196,0.5610270057835337
2018_1112_1199,0.6833862367018926
2018_1112_1209,0.8239055951912251
2018_1112_1211,0.4659618600996731
2018_1112_1222,0.6416228966365766
2018_1112_1233,0.8380444090477627
2018_1112_1242,0.3967907716257263
2018_1112_1243,0.7029027376478917
2018_1112_1246,0.4998641826482825
2018_1112_1252,0.8491266554126092
2018_1112_1254,0.8642394584342686
2018_1112_1260,0.7567001405317471
2018_1112_1267,0.8291571434388373
2018_1112_1274,0.6690938797928657
2018_1112_1276,0.5258106315508417
2018_1112_1277,0.47169217773102345
2018_1112_1281,0.72421462548784
2018_1112_1285,0.7884933627651681
2018_1112_1293,0.745826449759832
2018_1112_1300,0.8681931357422815
2018_1112_1301,0.6686682973535244
2018_1112_1305,0.7160940268359727
2018_1112_1308,0.7411150024496627
2018_1112_1314,0.35725709846326514
2018_1112_1326,0.5521146588016153
2018_1112_1328,0.7017430585485145
2018_1112_1335,0.8354248839819279
2018_1112_1344,0.7857041117011978
2018_1112_1345,0.5045264856976321
2018_1112_1347,0.8416081943328938
2018_1112_1348,0.6570684936083365
2018_1112_1355,0.8040443897795294
2018_1112_1361,0.7460195041765881
2018_1112_1371,0.686336036165505
2018_1112_1372,0.8019380334485596
2018_1112_1382,0.7785418866278659
2018_1112_1393,0.6498371715582205
2018_1112_1395,0.6999874019866629
2018_1112_1397,0.6434914040093713
2018_1112_1400,0.66048807761832
2018_1112_1401,0.6988636324302373
2018_1112_1403,0.5889202877948932
2018_1112_1411,0.8653649981014312
2018_1112_1417,0.7025392187164687
2018_1112_1420,0.8549305297722825
2018_1112_1422,0.7712302023770824
2018_1112_1437,0.4256082488813978
2018_1112_1438,0.48742743102752195
2018_1112_1439,0.7254221071321527
2018_1112_1452,0.5005812274277277
2018_1112_1455,0.6403998205228905
2018_1112_1460,0.8344314086649073
2018_1112_1462,0.6017420504735659
2018_1113_1116,0.4687935485398522
2018_1113_1120,0.3709103855244943
2018_1113_1137,0.6973523741576358
2018_1113_1138,0.6535276442118821
2018_1113_1139,0.37976896657491427
2018_1113_1153,0.2621425663818539
2018_1113_1155,0.4379832007296748
2018_1113_1158,0.6855699029185729
2018_1113_1166,0.5051340321339008
2018_1113_1168,0.8107957819862934
2018_1113_1172,0.5633479833984723
2018_1113_1181,0.19782539484993583
2018_1113_1196,0.33315186263835805
2018_1113_1199,0.45507803381604006
2018_1113_1209,0.7333219048156201
2018_1113_1211,0.27854087067605093
2018_1113_1222,0.4089881867113701
2018_1113_1233,0.7753227216954692
2018_1113_1242,0.23862883843110122
2018_1113_1243,0.481607575651414
2018_1113_1246,0.29078441829112495
2018_1113_1252,0.8088867283474951
2018_1113_1254,0.8485885687192077
2018_1113_1260,0.5721759769617121
2018_1113_1267,0.7579334092617774
2018_1113_1274,0.43941623260764057
2018_1113_1276,0.3104106446816012
2018_1113_1277,0.27388547325979956
2018_1113_1281,0.5172087195682644
2018_1113_1285,0.6400435776996002
2018_1113_1293,0.5517791383736665
2018_1113_1300,0.8593099367751077
2018_1113_1301,0.4363457598577633
2018_1113_1305,0.5044187083616902
2018_1113_1308,0.5419660245580123
2018_1113_1314,0.22189051431014395
2018_1113_1326,0.3309308757894641
2018_1113_1328,0.4851574064538692
2018_1113_1335,0.7717951711490421
2018_1113_1344,0.6403103816163377
2018_1113_1345,0.29665507810925595
2018_1113_1347,0.7809400317948889
2018_1113_1348,0.42669489154112106
2018_1113_1355,0.6799829737876734
2018_1113_1361,0.5523944667310526
2018_1113_1371,0.4590234521961721
2018_1113_1372,0.6703455512092289
2018_1113_1382,0.6219420701337831
2018_1113_1395,0.48000900309855804
2018_1113_1397,0.4077045033641278
2018_1113_1400,0.4265962850559891
2018_1113_1401,0.4766218441521768
2018_1113_1403,0.360770885230564
2018_1113_1411,0.8525764868171462
2018_1113_1417,0.490373206657734
2018_1113_1420,0.8239811206675105
2018_1113_1422,0.5999312159857942
2018_1113_1437,0.2571054090256042
2018_1113_1438,0.2995541900387055
2018_1113_1439,0.5174579387485573
2018_1113_1452,0.29897187658046553
2018_1113_1455,0.4044067838376404
2018_1113_1460,0.761696098595516
2018_1113_1462,0.36737271365863156
2018_1116_1120,0.412460126708692
2018_1116_1137,0.7283920810548115
2018_1116_1138,0.690379168618583
2018_1116_1153,0.2880787651300492
2018_1116_1155,0.4836736335332311
2018_1116_1158,0.7176417873336124
2018_1116_1166,0.5524755038551263
2018_1116_1168,0.822716692957998
2018_1116_1172,0.6081997667582009
2018_1116_1181,0.21098135535228618
2018_1116_1196,0.37084776235426326
2018_1116_1199,0.5020589598910994
2018_1116_1209,0.7587533531275676
2018_1116_1211,0.3073225855718923
2018_1116_1222,0.4525817094161218
2018_1116_1233,0.793710724211171
2018_1116_1242,0.2605101442140296
2018_1116_1243,0.5287320675344954
2018_1116_1246,0.32229889909195614
2018_1116_1252,0.8212114039665528
2018_1116_1254,0.8533880270288848
2018_1116_1260,0.6162973637251956
2018_1116_1267,0.7793112125779641
2018_1116_1274,0.4843854999003523
2018_1116_1276,0.34467867651931167
2018_1116_1277,0.3024544713213532
2018_1116_1281,0.5642964023956233
2018_1116_1285,0.6780770098904654
2018_1116_1293,0.5971562311967217
2018_1116_1300,0.8620738206297196
2018_1116_1301,0.4826646215004775
2018_1116_1305,0.5517855623535304
2018_1116_1308,0.5869930332069011
2018_1116_1314,0.24030150590037577
2018_1116_1326,0.3675730301275407
2018_1116_1328,0.5326306704376327
2018_1116_1335,0.790828980813172
2018_1116_1344,0.6786988485109183
2018_1116_1345,0.32887808520793904
2018_1116_1347,0.798146009715473
2018_1116_1348,0.47082705325522195
2018_1116_1355,0.7132911627383738
2018_1116_1361,0.5977938694248509
2018_1116_1371,0.5061038000484126
2018_1116_1372,0.7044009854799056
2018_1116_1382,0.6622517046799594
2018_1116_1393,0.4617310666297383
2018_1116_1395,0.5275261202222453
2018_1116_1397,0.45240802227796917
2018_1116_1400,0.4724263451086811
2018_1116_1401,0.5239976187464723
2018_1116_1403,0.40045176090647
2018_1116_1411,0.856654730622696
2018_1116_1417,0.5375667216417004
2018_1116_1420,0.8334711445016314
2018_1116_1422,0.6414489197709035
2018_1116_1437,0.28220782174311465
2018_1116_1438,0.33028187107859364
2018_1116_1439,0.5644088711766002
2018_1116_1452,0.3309012209758816
2018_1116_1455,0.449195899115836
2018_1116_1460,0.7823472910756563
2018_1116_1462,0.40873118183475166
2018_1120_1137,0.7773543817897198
2018_1120_1138,0.751831604270647
2018_1120_1139,0.5228856468328782
2018_1120_1153,0.35437587625733175
2018_1120_1166,0.6503283240472026
2018_1120_1168,0.8395879823645374
2018_1120_1172,0.6961920076162393
2018_1120_1181,0.24892851061364815
2018_1120_1196,0.47032998910211754
2018_1120_1199,0.6073388462248038
2018_1120_1209,0.7996537992284093
2018_1120_1211,0.38143448172575434
2018_1120_1222,0.5575140782557112
2018_1120_1233,0.8207198172407684
2018_1120_1242,0.32294788007046954
2018_1120_1243,0.6315955083209945
2018_1120_1246,0.4117965923631299
2018_1120_1252,0.8372606988919864
2018_1120_1254,0.8596200661563504
2018_1120_1260,0.7030230456234539
2018_1120_1267,0.8080667511339905
2018_1120_1274,0.5898818030380655
2018_1120_1276,0.4354718789114804
2018_1120_1277,0.3867649094404175
2018_1120_1281,0.659983384682299
2018_1120_1285,0.7478040799572677
2018_1120_1293,0.6881576332372407
2018_1120_1300,0.8654869333160886
2018_1120_1301,0.5892735248600823
2018_1120_1305,0.6494988721892598
2018_1120_1308,0.6816192514392915
2018_1120_1314,0.29216268961839864
2018_1120_1326,0.46146377608525385
2018_1120_1328,0.632010052277699
2018_1120_1335,0.8170546695631015
2018_1120_1344,0.7445098792269209
2018_1120_1345,0.41542998738214193
2018_1120_1347,0.8258461914197108
2018_1120_1348,0.5757856297213894
2018_1120_1355,0.7704542867635412
2018_1120_1361,0.6884644282441907
2018_1120_1371,0.6110105564543741
2018_1120_1372,0.7671507750337652
2018_1120_1382,0.7340940527705411
2018_1120_1393,0.568426294129688
2018_1120_1395,0.6289179411227309
2018_1120_1397,0.5593870873296066
2018_1120_1400,0.579399024668136
2018_1120_1401,0.6268306284698436
2018_1120_1403,0.49950974792700553
2018_1120_1411,0.8613044627848704
2018_1120_1417,0.6342934259953875
2018_1120_1420,0.8458270314256009
2018_1120_1422,0.7231410538359456
2018_1120_1437,0.34698722223535056
2018_1120_1438,0.4033337837994137
2018_1120_1439,0.6611119970401702
2018_1120_1452,0.4126074552222209
2018_1120_1455,0.5564473196582281
2018_1120_1460,0.8152047925225158
2018_1120_1462,0.512653041875633
2018_1137_1138,0.45867331658942617
2018_1137_1139,0.2539241035799836
2018_1137_1153,0.19558590851873434
2018_1137_1155,0.28419376962295545
2018_1137_1158,0.5012259716114423
2018_1137_1166,0.3229856997473474
2018_1137_1168,0.7237985737294595
2018_1137_1172,0.36936409374641294
2018_1137_1181,0.16548623935788456
2018_1137_1196,0.22539448533116374
2018_1137_1199,0.291278647532591
2018_1137_1209,0.5705472312099847
2018_1137_1211,0.2030816551187672
2018_1137_1222,0.269616977230742
2018_1137_1233,0.6482965010133019
2018_1137_1242,0.183057681957546
2018_1137_1243,0.30923110144944305
2018_1137_1246,0.20488617199664919
2018_1137_1252,0.7222598810218335
2018_1137_1254,0.8135961212496314
2018_1137_1260,0.37778318325676896
2018_1137_1267,0.6202701487961358
2018_1137_1274,0.28773032801858806
2018_1137_1276,0.2161594854084103
2018_1137_1281,0.33164079910242866
2018_1137_1285,0.4444389303998208
2018_1137_1293,0.36043128875999025
2018_1137_1300,0.8396395030663778
2018_1137_1301,0.2803407356757473
2018_1137_1305,0.3222959398993932
2018_1137_1308,0.3563241154660318
2018_1137_1314,0.17601635456672968
2018_1137_1326,0.22748580743534094
2018_1137_1328,0.3083804963268528
2018_1137_1335,0.6441977165351364
2018_1137_1344,0.4431578320140174
2018_1137_1345,0.20959462718211358
2018_1137_1347,0.6575064352883607
2018_1137_1348,0.2811385351755326
2018_1137_1355,0.49177379024261975
2018_1137_1361,0.3606566700392781
2018_1137_1371,0.29366062180573294
2018_1137_1372,0.4818115863964411
2018_1137_1382,0.4232710303315091
2018_1137_1393,0.2664538831439031
2018_1137_1395,0.3056024957350587
2018_1137_1397,0.264628399861391
2018_1137_1400,0.27496658524114276
2018_1137_1401,0.3045251715266044
2018_1137_1403,0.24358809022756345
2018_1137_1411,0.8245316134564118
2018_1137_1417,0.31173799917482037
2018_1137_1420,0.7558810658119288
2018_1137_1422,0.40547341162952194
2018_1137_1437,0.19302881222477097
2018_1137_1438,0.21660935579026153
2018_1137_1439,0.33277967638379635
2018_1137_1452,0.21294530791657487
2018_1137_1455,0.2610373824033851
2018_1137_1460,0.6203769357323167
2018_1137_1462,0.24350322331961533
2018_1138_1139,0.2820171955647644
2018_1138_1153,0.2097287755382359
2018_1138_1155,0.3196011784527552
2018_1138_1158,0.5574609459871357
2018_1138_1166,0.36737711374687265
2018_1138_1168,0.7559575796148811
2018_1138_1172,0.4198651821274864
2018_1138_1181,0.1720977908700575
2018_1138_1196,0.24821122685424116
2018_1138_1199,0.32927247102550145
2018_1138_1209,0.6244371108813946
2018_1138_1211,0.21915907575116414
2018_1138_1222,0.3012491622833656
2018_1138_1233,0.6932305659166317
2018_1138_1242,0.194465704148141
2018_1138_1243,0.3502935085255143
2018_1138_1252,0.754287474825836
2018_1138_1254,0.8268970394268453
2018_1138_1260,0.42890593431503415
2018_1138_1267,0.6681284891876575
2018_1138_1274,0.32294762333093163
2018_1138_1276,0.23611448198429233
2018_1138_1277,0.21267022450350145
2018_1138_1281,0.3774748602596553
2018_1138_1285,0.5006060368421544
2018_1138_1293,0.4095538484656337
2018_1138_1300,0.8471232953912332
2018_1138_1301,0.3159517858634991
2018_1138_1305,0.36665178171792423
2018_1138_1308,0.4035080696959613
2018_1138_1314,0.1854497179595623
2018_1138_1326,0.24982787738410306
2018_1138_1328,0.3505926322682491
2018_1138_1335,0.6893057052330784
2018_1138_1344,0.5002702447194128
2018_1138_1345,0.22790080073013153
2018_1138_1347,0.7011250138205459
2018_1138_1348,0.3147226665515585
2018_1138_1355,0.5491824298167672
2018_1138_1361,0.4099181792242859
2018_1138_1371,0.33215382821377776
2018_1138_1372,0.5380755370061778
2018_1138_1382,0.47922419205292305
2018_1138_1393,0.2998811667490942
2018_1138_1395,0.34699205607338995
2018_1138_1397,0.2965931370320227
2018_1138_1400,0.3093213772166284
2018_1138_1401,0.3452524363401328
2018_1138_1403,0.26943468892723205
2018_1138_1411,0.8351900439759239
2018_1138_1417,0.35474648853290736
2018_1138_1420,0.7814091124428681
2018_1138_1422,0.4583145518933315
2018_1138_1437,0.20658520862353721
2018_1138_1438,0.2350072066686712
2018_1138_1439,0.3783906049698054
2018_1138_1452,0.23142898197849704
2018_1138_1455,0.2928090861484158
2018_1138_1460,0.6691025340165475
2018_1138_1462,0.27044289269666066
2018_1139_1153,0.3475506873391109
2018_1139_1155,0.5832762703631257
2018_1139_1158,0.7715124934582452
2018_1139_1166,0.6419214599453781
2018_1139_1168,0.8360978845684549
2018_1139_1172,0.6888441474227964
2018_1139_1181,0.24676971052708135
2018_1139_1196,0.46449372485159207
2018_1139_1199,0.5997568022082777
2018_1139_1209,0.7943260371376586
2018_1139_1211,0.3745424134949638
2018_1139_1222,0.5510445854869055
2018_1139_1233,0.8158038158935869
2018_1139_1242,0.3192845233215131
2018_1139_1243,0.6243094752492564
2018_1139_1246,0.407834854406958
2018_1139_1252,0.832917286102535
2018_1139_1254,0.8578817383002929
2018_1139_1260,0.696217822514399
2018_1139_1267,0.8008273257308157
2018_1139_1274,0.5837460405844603
2018_1139_1276,0.42939237933887264
2018_1139_1277,0.383963033812006
2018_1139_1281,0.651526789468334
2018_1139_1285,0.7418205061072162
2018_1139_1293,0.681077099496983
2018_1139_1300,0.8643813034164195
2018_1139_1301,0.5819094037700954
2018_1139_1305,0.6409645075734237
2018_1139_1308,0.6759499563049026
2018_1139_1314,0.2886557917884176
2018_1139_1326,0.4546942073933832
2018_1139_1328,0.6230291890728548
2018_1139_1335,0.8110347970551679
2018_1139_1344,0.7363765759368252
2018_1139_1347,0.8224710305838759
2018_1139_1348,0.5696850186898527
2018_1139_1355,0.7643126680906192
2018_1139_1361,0.6812477387794598
2018_1139_1371,0.6033860715305109
2018_1139_1372,0.7625917084821122
2018_1139_1382,0.7262821342784582
2018_1139_1393,0.5607889296817467
2018_1139_1395,0.6204910599546969
2018_1139_1397,0.5523563999869504
2018_1139_1400,0.5721732122133872
2018_1139_1401,0.618991698799921
2018_1139_1403,0.4926672164234221
2018_1139_1411,0.859484816048605
2018_1139_1417,0.6247080225070865
2018_1139_1420,0.8424716210290301
2018_1139_1422,0.7177317997321726
2018_1139_1437,0.34048850579726125
2018_1139_1438,0.3945858289987712
2018_1139_1439,0.6532566296133625
2018_1139_1452,0.40549950335635904
2018_1139_1455,0.5492202750910711
2018_1139_1460,0.8108906558009622
2018_1139_1462,0.5060099238062434
2018_1153_1155,0.7263386046866313
2018_1153_1158,0.8266559741887279
2018_1153_1166,0.7577896148853026
2018_1153_1168,0.8559578946573281
2018_1153_1172,0.7849357426270817
2018_1153_1181,0.3613318169182897
2018_1153_1196,0.6360127992202509
2018_1153_1199,0.734318063420899
2018_1153_1211,0.5491819464412604
2018_1153_1222,0.705995984099131
2018_1153_1233,0.8463416761881991
2018_1153_1242,0.4773291328175646
2018_1153_1243,0.7498893994248911
2018_1153_1246,0.5802294920741271
2018_1153_1252,0.8542111849422154
2018_1153_1254,0.8662260865048379
2018_1153_1260,0.7892351681833127
2018_1153_1267,0.8383252599884143
2018_1153_1274,0.7274810950782356
2018_1153_1276,0.606343721715793
2018_1153_1277,0.5530617907775541
2018_1153_1281,0.7632160098852523
2018_1153_1285,0.8120430797127026
2018_1153_1293,0.7812316807736115
2018_1153_1300,0.8693068040192751
2018_1153_1301,0.7234843022074421
2018_1153_1308,0.7798615818765948
2018_1153_1314,0.4323193139527205
2018_1153_1326,0.6307132914359744
2018_1153_1328,0.7444902365597873
2018_1153_1335,0.8436518520751485
2018_1153_1344,0.8077039316473902
2018_1153_1345,0.5865952665446961
2018_1153_1347,0.8499379475228852
2018_1153_1348,0.7186443450956448
2018_1153_1355,0.8224179411393596
2018_1153_1361,0.7811684280723534
2018_1153_1371,0.7364811500675081
2018_1153_1372,0.8224891495310183
2018_1153_1382,0.8031337139971052
2018_1153_1393,0.7054240044268193
2018_1153_1395,0.7447655296474832
2018_1153_1397,0.7046202640146156
2018_1153_1400,0.7175085801833397
2018_1153_1401,0.7455217890226384
2018_1153_1403,0.6630030634671032
2018_1153_1411,0.8669248753795493
2018_1153_1417,0.7431621176933025
2018_1153_1420,0.8588436198252918
2018_1153_1422,0.8009028588740196
2018_1153_1437,0.5071382580312244
2018_1153_1438,0.5691166874254335
2018_1153_1439,0.7653100863532948
2018_1153_1452,0.5833383282286158
2018_1153_1455,0.7001008211322094
2018_1153_1460,0.8444177127186591
2018_1153_1462,0.6714596603102122
2018_1155_1158,0.7389482033118839
2018_1155_1166,0.5836049051709822
2018_1155_1168,0.8260665689677078
2018_1155_1172,0.6372182687168927
2018_1155_1181,0.2192781364542714
2018_1155_1196,0.3991353585351154
2018_1155_1199,0.5351332759347274
2018_1155_1209,0.771058772993836
2018_1155_1211,0.32212830754588473
2018_1155_1222,0.4827840101127532
2018_1155_1233,0.7999792422306659
2018_1155_1243,0.5616297500514197
2018_1155_1246,0.3481367284260986
2018_1155_1252,0.8228841759543043
2018_1155_1254,0.8539705967400028
2018_1155_1260,0.6454517671586545
2018_1155_1267,0.7831115043217498
2018_1155_1274,0.516381297144303
2018_1155_1276,0.36774398310003537
2018_1155_1277,0.3274422078579905
2018_1155_1281,0.5947499151762554
2018_1155_1285,0.7019883120513659
2018_1155_1293,0.6273846025457744
2018_1155_1300,0.8621626764643162
2018_1155_1301,0.5156928028698787
2018_1155_1305,0.5827914242344705
2018_1155_1314,0.2515546549917553
2018_1155_1326,0.39086594743813996
2018_1155_1328,0.5639230408422721
2018_1155_1335,0.7951210630965848
2018_1155_1344,0.6983630313626603
2018_1155_1345,0.3504550123492723
2018_1155_1347,0.8069991991281527
2018_1155_1348,0.5017893704709055
2018_1155_1355,0.7317936241256716
2018_1155_1361,0.6277923059183749
2018_1155_1371,0.5391401291475402
2018_1155_1372,0.727329185863013
2018_1155_1382,0.6847934142599699
2018_1155_1393,0.4953558124281352
2018_1155_1395,0.5596253217246684
2018_1155_1397,0.4845468231343467
2018_1155_1400,0.5052405002343734
2018_1155_1401,0.556659770249205
2018_1155_1403,0.4260906548335448
2018_1155_1411,0.8562993324545963
2018_1155_1417,0.5677314766103853
2018_1155_1420,0.8347462632774475
2018_1155_1422,0.6704416755375021
2018_1155_1437,0.29418183502782846
2018_1155_1438,0.34184508748070885
2018_1155_1439,0.5956110285951333
2018_1155_1452,0.3483007779558508
2018_1155_1455,0.4821713872919485
2018_1155_1460,0.7923092193181291
2018_1155_1462,0.4383536537261111
2018_1158_1166,0.33432816800486154
2018_1158_1168,0.7283781846709106
2018_1158_1172,0.38073962287183294
2018_1158_1181,0.1653607637349307
2018_1158_1196,0.22837753024025478
2018_1158_1199,0.2984473996703329
2018_1158_1209,0.5846824425494487
2018_1158_1211,0.20032651150758726
2018_1158_1222,0.26904993030692065
2018_1158_1233,0.6573577246505075
2018_1158_1242,0.1831879461616474
2018_1158_1243,0.3161225936036194
2018_1158_1246,0.20828479993288695
2018_1158_1252,0.7235229742444523
2018_1158_1254,0.8129193131501123
2018_1158_1260,0.38863279031468656
2018_1158_1267,0.627187224184105
2018_1158_1274,0.2879726377477644
2018_1158_1276,0.21618876577386587
2018_1158_1277,0.20075367245149434
2018_1158_1281,0.34350806937857364
2018_1158_1285,0.4581527090450224
2018_1158_1293,0.37058047694261426
2018_1158_1300,0.838304950553685
2018_1158_1301,0.2862770773255856
2018_1158_1305,0.334024895387958
2018_1158_1308,0.362868855086774
2018_1158_1314,0.17562080559900398
2018_1158_1326,0.22604115860294424
2018_1158_1328,0.32156444057718214
2018_1158_1335,0.6509024627152546
2018_1158_1344,0.4590189555326176
2018_1158_1345,0.20958132821623454
2018_1158_1347,0.6699607495830071
2018_1158_1348,0.28008977992665846
2018_1158_1355,0.5069525883853754
2018_1158_1361,0.37113163389912224
2018_1158_1371,0.30107694502116233
2018_1158_1372,0.4961012770861934
2018_1158_1382,0.4382713162352865
2018_1158_1393,0.2760294110968221
2018_1158_1395,0.3165448371537577
2018_1158_1397,0.2686332637495126
2018_1158_1400,0.28010634277247193
2018_1158_1401,0.3131673057043123
2018_1158_1403,0.24162556662213663
2018_1158_1411,0.8213510956239539
2018_1158_1417,0.32744377700236277
2018_1158_1420,0.7561627378006793
2018_1158_1422,0.4159228173633666
2018_1158_1437,0.19048925205083092
2018_1158_1438,0.21017252229975353
2018_1158_1439,0.3429649931560539
2018_1158_1452,0.2100138005278707
2018_1158_1455,0.2676958693696338
2018_1158_1460,0.6333033425712699
2018_1158_1462,0.2457416048924088
2018_1166_1168,0.8135624047956752
2018_1166_1172,0.5741846868366478
2018_1166_1181,0.20029773171593246
2018_1166_1196,0.3412331235493141
2018_1166_1199,0.46587860977136814
2018_1166_1209,0.7396385706812941
2018_1166_1211,0.28389410797278264
2018_1166_1222,0.4184529524708288
2018_1166_1233,0.7796733317489549
2018_1166_1242,0.242899499185387
2018_1166_1246,0.2975478138319371
2018_1166_1252,0.8115355896054142
2018_1166_1254,0.8496190736717764
2018_1166_1260,0.5829231847259135
2018_1166_1267,0.7625726172456778
2018_1166_1274,0.4494554875427722
2018_1166_1276,0.3173775141167258
2018_1166_1277,0.2800827038614987
2018_1166_1281,0.5283306632586947
2018_1166_1285,0.6495781581496807
2018_1166_1293,0.562718242062883
2018_1166_1300,0.859874250431951
2018_1166_1301,0.446872858554135
2018_1166_1305,0.5155593472840104
2018_1166_1308,0.5528692420362046
2018_1166_1314,0.22536205132619205
2018_1166_1326,0.338331749401297
2018_1166_1328,0.49627597913180316
2018_1166_1335,0.7760454058351316
2018_1166_1344,0.6495650873746178
2018_1166_1345,0.3031425121663131
2018_1166_1347,0.7853524790124645
2018_1166_1348,0.4363947428158275
2018_1166_1355,0.6882921676019335
2018_1166_1361,0.5633306804315255
2018_1166_1371,0.469870600896669
2018_1166_1372,0.6791557700737849
2018_1166_1382,0.631732094220381
2018_1166_1393,0.4266436410445892
2018_1166_1395,0.4910999217298796
2018_1166_1397,0.4176510620341491
2018_1166_1400,0.4369368197511917
2018_1166_1401,0.48763791318401
2018_1166_1403,0.36895205851052404
2018_1166_1411,0.8533497949827414
2018_1166_1417,0.5014556535373588
2018_1166_1420,0.8260254758452372
2018_1166_1422,0.6103120142835122
2018_1166_1437,0.26165302550559455
2018_1166_1438,0.3049695552027234
2018_1166_1439,0.5285692207571138
2018_1166_1452,0.3050511955462889
2018_1166_1455,0.4145087306713249
2018_1166_1460,0.7668808624807327
2018_1166_1462,0.37628941758196827
2018_1168_1172,0.22696520481170177
2018_1168_1181,0.14978390529588317
2018_1168_1196,0.17085647616137453
2018_1168_1199,0.1950612651776658
2018_1168_1209,0.3427798540108713
2018_1168_1211,0.1634749222814498
2018_1168_1222,0.1883485495745534
2018_1168_1233,0.41467515936859234
2018_1168_1242,0.15597719212952293
2018_1168_1243,0.20237229638440518
2018_1168_1246,0.16345816824054832
2018_1168_1252,0.5154695184961873
2018_1168_1254,0.7042446095195741
2018_1168_1260,0.23117564506735458
2018_1168_1267,0.38768474110761736
2018_1168_1274,0.1955211354747709
2018_1168_1276,0.16786478938290578
2018_1168_1277,0.1606517913109613
2018_1168_1281,0.2103735657426984
2018_1168_1285,0.26357868431605047
2018_1168_1293,0.2234194289792181
2018_1168_1300,0.7755132216489977
2018_1168_1301,0.1910206806965334
2018_1168_1305,0.20656664511559283
2018_1168_1308,0.2233830348563009
2018_1168_1314,0.15352315933324684
2018_1168_1326,0.17226586412677325
2018_1168_1328,0.20081116117660586
2018_1168_1335,0.41105346662707515
2018_1168_1344,0.26074199083664606
2018_1168_1347,0.42724810520343615
2018_1168_1348,0.19320423896606131
2018_1168_1355,0.28905395750407575
2018_1168_1361,0.22337811461511847
2018_1168_1371,0.19595158425655432
2018_1168_1372,0.2862535520950081
2018_1168_1382,0.2510674284012632
2018_1168_1393,0.18520204648914143
2018_1168_1395,0.2000147068670736
2018_1168_1397,0.18532073099716895
2018_1168_1400,0.1890891059633688
2018_1168_1401,0.20002131479309257
2018_1168_1403,0.17846508647811757
2018_1168_1411,0.7352840522710727
2018_1168_1417,0.20195355807421056
2018_1168_1420,0.5744313797920911
2018_1168_1422,0.24553572903852944
2018_1168_1437,0.15980310764768454
2018_1168_1438,0.1691177357363894
2018_1168_1439,0.21127006420985786
2018_1168_1452,0.16711717565543277
2018_1168_1455,0.18352613334814863
2018_1168_1460,0.38692172221180837
2018_1168_1462,0.1776310227391935
2018_1172_1181,0.18638832737692781
2018_1172_1196,0.2993911486074001
2018_1172_1199,0.4095600948959052
2018_1172_1209,0.7026332601963713
2018_1172_1211,0.25149533069111185
2018_1172_1222,0.36630422787018874
2018_1172_1233,0.751762413610309
2018_1172_1242,0.21948564666330023
2018_1172_1243,0.43481768488476885
2018_1172_1252,0.7918730721301812
2018_1172_1254,0.8418138566318674
2018_1172_1260,0.5255073511830157
2018_1172_1267,0.7298291928552088
2018_1172_1274,0.39473823424120297
2018_1172_1276,0.27913577260522093
2018_1172_1277,0.24994694354102437
2018_1172_1281,0.4697368573005114
2018_1172_1285,0.5978588317507817
2018_1172_1293,0.5044801484964428
2018_1172_1300,0.8552878457819466
2018_1172_1301,0.39193161446126024
2018_1172_1305,0.45722623660121436
2018_1172_1308,0.49514044683045016
2018_1172_1314,0.20565857014678607
2018_1172_1326,0.29644203588648754
2018_1172_1328,0.43901001962507735
2018_1172_1335,0.7467580586169797
2018_1172_1344,0.5971471590515872
2018_1172_1345,0.2674770121871014
2018_1172_1347,0.7598860808438082
2018_1172_1348,0.38284480356320255
2018_1172_1355,0.6416569480907824
2018_1172_1361,0.505068136051508
2018_1172_1371,0.41330034636601787
2018_1172_1372,0.6322104263122298
2018_1172_1382,0.5774798652094981
2018_1172_1393,0.3742899762556726
2018_1172_1395,0.4336529712056149
2018_1172_1397,0.365389435258118
2018_1172_1400,0.38282398992485894
2018_1172_1401,0.43011972477344096
2018_1172_1403,0.32258105532506454
2018_1172_1411,0.8464364006699207
2018_1172_1417,0.44468191852056094
2018_1172_1420,0.8107634875811405
2018_1172_1422,0.5553027606939224
2018_1172_1437,0.23368271858768117
2018_1172_1438,0.26873194919378407
2018_1172_1439,0.4698953087257312
2018_1172_1452,0.2687226263809745
2018_1172_1455,0.36290528446444653
2018_1172_1460,0.736392333768768
2018_1172_1462,0.3289769456564307
2018_1181_1196,0.7526181103579537
2018_1181_1199,0.8073726177316138
2018_1181_1209,0.8570058339813761
2018_1181_1211,0.6930064985158969
2018_1181_1222,0.790417572444986
2018_1181_1243,0.8149614805498164
2018_1181_1246,0.7164814180678594
2018_1181_1252,0.8653965419966468
2018_1181_1254,0.8705467335018457
2018_1181_1260,0.8343274502526392
2018_1181_1267,0.8585252673093664
2018_1181_1274,0.8017652278111249
2018_1181_1276,0.7334500929490223
2018_1181_1277,0.6966226628797543
2018_1181_1281,0.822396921013368
2018_1181_1285,0.8452066790236911
2018_1181_1293,0.8305113042408659
2018_1181_1300,0.8718914154660277
2018_1181_1301,0.8016398529376384
2018_1181_1305,0.8193424076216035
2018_1181_1308,0.8289352150796382
2018_1181_1314,0.595362178949715
2018_1181_1326,0.747764872229946
2018_1181_1328,0.8134101590149331
2018_1181_1335,0.8607364906526113
2018_1181_1344,0.8439684070246214
2018_1181_1345,0.7205977406748537
2018_1181_1347,0.862955802742215
2018_1181_1355,0.8503749905195424
2018_1181_1361,0.8305572865013096
2018_1181_1371,0.8085037309085344
2018_1181_1372,0.8497680049156249
2018_1181_1382,0.8416199607191406
2018_1181_1395,0.8132540106515487
2018_1181_1397,0.7914165986232058
2018_1181_1400,0.7983966511714117
2018_1181_1401,0.813223112836035
2018_1181_1403,0.7663097391368057
2018_1181_1411,0.870923497774656
2018_1181_1417,0.8129615877723751
2018_1181_1420,0.867378108575759
2018_1181_1422,0.8394000479228527
2018_1181_1437,0.6612066338407145
2018_1181_1438,0.7025381998980285
2018_1181_1439,0.8230813351677894
2018_1181_1452,0.7166068210447762
2018_1181_1455,0.7896080932460061
2018_1181_1460,0.8605419279010151
2018_1181_1462,0.7729755197812594
2018_1196_1199,0.6482798689277907
2018_1196_1209,0.8141798843151044
2018_1196_1211,0.42388984595441265
2018_1196_1222,0.6007325509066822
2018_1196_1233,0.8316259332662405
2018_1196_1242,0.3584435545981192
2018_1196_1243,0.6700463874420083
2018_1196_1246,0.45497887300940654
2018_1196_1252,0.8451961298065198
2018_1196_1254,0.8627064965041221
2018_1196_1260,0.7327652596150649
2018_1196_1267,0.8220742451769325
2018_1196_1274,0.6307801542690675
2018_1196_1276,0.480772594304718
2018_1196_1277,0.4275867480067254
2018_1196_1281,0.6959851165174341
2018_1196_1285,0.7707448376350998
2018_1196_1293,0.7200020240846948
2018_1196_1300,0.867335363445014
2018_1196_1301,0.6315717999074857
2018_1196_1305,0.6867137828266638
2018_1196_1308,0.7133422214706857
2018_1196_1314,0.323458201468601
2018_1196_1326,0.5073043407830888
2018_1196_1328,0.6711505254550003
2018_1196_1335,0.8290629436207042
2018_1196_1344,0.7689975680214969
2018_1196_1345,0.45982254351471424
2018_1196_1347,0.8351698311171429
2018_1196_1348,0.6174572330738977
2018_1196_1355,0.7900204242331753
2018_1196_1361,0.7203484974792956
2018_1196_1371,0.6516499596220696
2018_1196_1372,0.786381795693916
2018_1196_1393,0.6121852962524513
2018_1196_1395,0.6682323249628924
2018_1196_1397,0.6034812752461964
2018_1196_1400,0.6223345250497209
2018_1196_1401,0.6660971567688119
2018_1196_1411,0.8641646968425629
2018_1196_1417,0.6732215634300295
2018_1196_1420,0.8519066725360648
2018_1196_1422,0.7492968907914248
2018_1196_1437,0.3863867733441673
2018_1196_1438,0.4464286924380787
2018_1196_1439,0.6966968435551627
2018_1196_1452,0.4569182118812722
2018_1196_1455,0.6008687817717365
2018_1196_1460,0.8267192048178083
2018_1196_1462,0.5584841099024116
2018_1199_1209,0.7648776230685177
2018_1199_1222,0.4647173328037929
2018_1199_1233,0.7969260045674248
2018_1199_1242,0.2655740054990735
2018_1199_1243,0.5429989338438178
2018_1199_1246,0.33222880626136625
2018_1199_1252,0.8221457017498685
2018_1199_1254,0.8537407913194918
2018_1199_1260,0.6296347341515345
2018_1199_1267,0.7812685216251706
2018_1199_1274,0.49760046451013407
2018_1199_1277,0.31204826394465046
2018_1199_1285,0.6894139127619341
2018_1199_1293,0.6108336787612415
2018_1199_1300,0.8621564182382178
2018_1199_1301,0.49660437580828226
2018_1199_1305,0.5655474669735111
2018_1199_1308,0.6015294789329172
2018_1199_1314,0.2439473429026499
2018_1199_1326,0.3761726544933834
2018_1199_1328,0.5464557623621784
2018_1199_1335,0.793052195760209
2018_1199_1344,0.6880419752590005
2018_1199_1345,0.33673633861606506
2018_1199_1347,0.8026583069756625
2018_1199_1348,0.4834153138241469
2018_1199_1355,0.7222482731914142
2018_1199_1361,0.6113786692432379
2018_1199_1371,0.5202875439044906
2018_1199_1372,0.7154272556604495
2018_1199_1382,0.6728624984510697
2018_1199_1393,0.47600480534177964
2018_1199_1395,0.5415923804164583
2018_1199_1397,0.4656398760714236
2018_1199_1400,0.48615692364098345
2018_1199_1401,0.5381966085219894
2018_1199_1403,0.4101856107624055
2018_1199_1411,0.8565269916043168
2018_1199_1417,0.5510065416920301
2018_1199_1420,0.8342008274728218
2018_1199_1422,0.6548818861809917
2018_1199_1437,0.28585125266411676
2018_1199_1438,0.33353193072100856
2018_1199_1439,0.5782951908478633
2018_1199_1452,0.33679942556632547
2018_1199_1455,0.46293301146832694
2018_1199_1460,0.7873795756378317
2018_1209_1211,0.18777713585880104
2018_1209_1222,0.24039305691954369
2018_1209_1233,0.59914859501024
2018_1209_1242,0.17307753165460116
2018_1209_1243,0.2737980439473924
2018_1209_1246,0.190577798935137
2018_1209_1252,0.6830835275768204
2018_1209_1254,0.7959803812969298
2018_1209_1260,0.33238371135360123
2018_1209_1267,0.5684644108083606
2018_1209_1274,0.25515505552896506
2018_1209_1276,0.19845676434004997
2018_1209_1277,0.18464357683169294
2018_1209_1281,0.29346063261231997
2018_1209_1285,0.39261473361843374
2018_1209_1293,0.31729217008938176
2018_1209_1300,0.8292062046854747
2018_1209_1301,0.2501890910873865
2018_1209_1305,0.28569860880364817
2018_1209_1308,0.3133035896214471
2018_1209_1314,0.16758157057570455
2018_1209_1326,0.20694373026068544
2018_1209_1328,0.2747707718048699
2018_1209_1335,0.5942592718756396
2018_1209_1344,0.391992984842108
2018_1209_1345,0.19338087368944903
2018_1209_1347,0.6108383724611661
2018_1209_1348,0.2496295790222237
2018_1209_1355,0.4374821797761915
2018_1209_1361,0.31754633869325655
2018_1209_1371,0.26124060608851785
2018_1209_1372,0.42821454680114474
2018_1209_1382,0.37355341349310595
2018_1209_1393,0.2400784870786406
2018_1209_1395,0.2718213662601964
2018_1209_1397,0.23724192888124065
2018_1209_1400,0.2457157055836144
2018_1209_1401,0.2703405968944209
2018_1209_1403,0.21946819019744476
2018_1209_1411,0.8090390598614473
2018_1209_1417,0.2784154487640506
2018_1209_1420,0.7236273368796672
2018_1209_1422,0.35687583914085674
2018_1209_1437,0.18009363573273626
2018_1209_1438,0.1975837652499155
2018_1209_1439,0.2939671967327687
2018_1209_1452,0.19536067851599795
2018_1209_1455,0.23501767834695525
2018_1209_1460,0.5692921440240826
2018_1209_1462,0.2202083385498098
2018_1211_1222,0.6826501804795839
2018_1211_1233,0.8425334962234512
2018_1211_1242,0.44514189730635234
2018_1211_1243,0.7323374229279579
2018_1211_1246,0.5494318663075336
2018_1211_1252,0.851573881467999
2018_1211_1254,0.865198517845401
2018_1211_1260,0.7769392344541727
2018_1211_1267,0.8336119081297266
2018_1211_1274,0.7065339522716182
2018_1211_1276,0.5755676995159471
2018_1211_1277,0.5218471387298917
2018_1211_1281,0.7479235774494617
2018_1211_1285,0.8030101341312272
2018_1211_1293,0.76785223440005
2018_1211_1300,0.868702165288257
2018_1211_1301,0.7029001695669392
2018_1211_1305,0.740908666166287
2018_1211_1308,0.7659048503487889
2018_1211_1314,0.401653521653373
2018_1211_1328,0.727391206833156
2018_1211_1335,0.8395765332229131
2018_1211_1344,0.7984816076405773
2018_1211_1345,0.554985235855026
2018_1211_1347,0.8465084322221186
2018_1211_1348,0.6965922592030496
2018_1211_1355,0.8150264263676581
2018_1211_1361,0.7678212216051639
2018_1211_1371,0.7175183401418315
2018_1211_1372,0.8148501977478069
2018_1211_1382,0.7931509068776974
2018_1211_1393,0.6838682479796274
2018_1211_1395,0.7272891924869762
2018_1211_1397,0.6818059107107384
2018_1211_1400,0.6961735189175299
2018_1211_1401,0.7277422130137116
2018_1211_1403,0.6355649014220447
2018_1211_1411,0.8660138803162899
2018_1211_1417,0.7264221769574025
2018_1211_1420,0.8568216283177588
2018_1211_1437,0.4741485537205912
2018_1211_1438,0.5368770209529368
2018_1211_1439,0.7500132947065885
2018_1211_1452,0.551240983203469
2018_1211_1455,0.6774021408145823
2018_1211_1460,0.8402249638902979
2018_1211_1462,0.6453518910792126
2018_1222_1233,0.8074272757087456
2018_1222_1242,0.29574612471147127
2018_1222_1243,0.5930576529697933
2018_1222_1246,0.37698053450251096
2018_1222_1252,0.8272657854891006
2018_1222_1254,0.8556562269841154
2018_1222_1260,0.6711820880609378
2018_1222_1267,0.7910091937574643
2018_1222_1274,0.5497634967661679
2018_1222_1277,0.35480105690916874
2018_1222_1281,0.6231944768687492
2018_1222_1285,0.7222173610782046
2018_1222_1293,0.6545363511858687
2018_1222_1300,0.8630838120887526
2018_1222_1301,0.5486177315259345
2018_1222_1305,0.6119093324922488
2018_1222_1308,0.6482449002262736
2018_1222_1314,0.26859340937864395
2018_1222_1326,0.4211499207904241
2018_1222_1328,0.593430118944401
2018_1222_1335,0.8023314575013227
2018_1222_1344,0.7171510266551206
2018_1222_1345,0.37842798310104586
2018_1222_1347,0.814653900351635
2018_1222_1348,0.5352376174272494
2018_1222_1355,0.7480802836288096
2018_1222_1371,0.5712205360198809
2018_1222_1372,0.7454520698429962
2018_1222_1382,0.7055027340439561
2018_1222_1393,0.5279274224345109
2018_1222_1395,0.5900561031842473
2018_1222_1397,0.5180081775643607
2018_1222_1400,0.5384409283137618
2018_1222_1401,0.5878554775935405
2018_1222_1403,0.4579945241386128
2018_1222_1411,0.8575591278194185
2018_1222_1417,0.5961030434939856
2018_1222_1420,0.8381099739161348
2018_1222_1422,0.6946734869115425
2018_1222_1437,0.31517176707553896
2018_1222_1438,0.3655443947771575
2018_1222_1439,0.6245802413697452
2018_1222_1452,0.37478328166866115
2018_1222_1455,0.5153783160373135
2018_1222_1460,0.8014365424065635
2018_1222_1462,0.47130650154523634
2018_1233_1242,0.16410334749222663
2018_1233_1243,0.2358508029940957
2018_1233_1246,0.17591354938605408
2018_1233_1252,0.6150768636823313
2018_1233_1254,0.7634067400738686
2018_1233_1260,0.2791803786819676
2018_1233_1267,0.48550240836931063
2018_1233_1274,0.22438749112545966
2018_1233_1276,0.18246171281758947
2018_1233_1277,0.17157525363316253
2018_1233_1281,0.24872496448708023
2018_1233_1285,0.32610185791019064
2018_1233_1293,0.26771497573352815
2018_1233_1300,0.8108590050811414
2018_1233_1301,0.2185681636916576
2018_1233_1305,0.2429583368247265
2018_1233_1308,0.2665590016680734
2018_1233_1314,0.16026982406251028
2018_1233_1326,0.18906481457294075
2018_1233_1328,0.23437335818473942
2018_1233_1335,0.5120039713383527
2018_1233_1344,0.3235189249180554
2018_1233_1345,0.17879205305304297
2018_1233_1347,0.5285120402014243
2018_1233_1348,0.22070441477390138
2018_1233_1355,0.36221467983846317
2018_1233_1361,0.2677445194664524
2018_1233_1371,0.22625917400473383
2018_1233_1372,0.3565082450033413
2018_1233_1382,0.3093157069528824
2018_1233_1393,0.21005255540984197
2018_1233_1395,0.2329084985728453
2018_1233_1397,0.20964030619345733
2018_1233_1400,0.21552447591142415
2018_1233_1401,0.23260156819379138
2018_1233_1403,0.19844064442054568
2018_1233_1411,0.7837343933538041
2018_1233_1417,0.23632559952215268
2018_1233_1420,0.6659472395263352
2018_1233_1422,0.2992833711980958
2018_1233_1437,0.16982229333419988
2018_1233_1438,0.18368664874850507
2018_1233_1439,0.24977396759961132
2018_1233_1452,0.18102651692321128
2018_1233_1455,0.2071976045026233
2018_1233_1460,0.48465924855292886
2018_1233_1462,0.19768236808309952
2018_1242_1243,0.7717035053340533
2018_1242_1246,0.6186782444263361
2018_1242_1252,0.8593687533257969
2018_1242_1254,0.8682104634037918
2018_1242_1260,0.8050638305493736
2018_1242_1267,0.8476028009634842
2018_1242_1274,0.7493422754845418
2018_1242_1276,0.6420610685116406
2018_1242_1277,0.5920669112138048
2018_1242_1281,0.7848378225644496
2018_1242_1285,0.8240236919644931
2018_1242_1293,0.7984588981779922
2018_1242_1300,0.8705227883399054
2018_1242_1301,0.7492927850658655
2018_1242_1305,0.7796768744387518
2018_1242_1308,0.7955726601292917
2018_1242_1314,0.4700221249877305
2018_1242_1326,0.6634978917462585
2018_1242_1328,0.7700631645776282
2018_1242_1344,0.82216687423435
2018_1242_1345,0.6235787842675365
2018_1242_1347,0.8550268756991304
2018_1242_1348,0.7410238766540221
2018_1242_1355,0.833127225551078
2018_1242_1361,0.7985632184589164
2018_1242_1372,0.8319297891990158
2018_1242_1382,0.8179890800014603
2018_1242_1393,0.7356202589006987
2018_1242_1395,0.7693681712256906
2018_1242_1397,0.7322298453576027
2018_1242_1400,0.7438304617919601
2018_1242_1401,0.7689635364068268
2018_1242_1403,0.6920947153826071
2018_1242_1411,0.8688698014128254
2018_1242_1417,0.7699176334152674
2018_1242_1420,0.8627681475471348
2018_1242_1422,0.8137932768355006
2018_1242_1438,0.602947553007773
2018_1242_1439,0.7857854185625666
2018_1242_1452,0.6188581826542073
2018_1242_1455,0.7297196187182076
2018_1242_1460,0.8508502234883034
2018_1242_1462,0.7023500419340134
2018_1243_1252,0.8148662393833525
2018_1243_1254,0.8508694361438549
2018_1243_1267,0.7688694173245785
2018_1243_1274,0.47106531976451743
2018_1243_1276,0.3321313564789272
2018_1243_1277,0.29494747870481286
2018_1243_1281,0.5516926064751384
2018_1243_1285,0.6690594596616274
2018_1243_1293,0.5857759870855884
2018_1243_1300,0.8604520950586251
2018_1243_1301,0.4698518777880688
2018_1243_1305,0.539109083197136
2018_1243_1308,0.5764887781508123
2018_1243_1314,0.23242230168742636
2018_1243_1326,0.3535331769870037
2018_1243_1328,0.5199667961920003
2018_1243_1335,0.7821426118707252
2018_1243_1344,0.6671718951543355
2018_1243_1345,0.31685573720362037
2018_1243_1347,0.793575909658367
2018_1243_1348,0.4571025579016209
2018_1243_1355,0.7044458077892058
2018_1243_1361,0.5863191464641221
2018_1243_1371,0.493400709885418
2018_1243_1372,0.6975456413557386
2018_1243_1382,0.6509815642763599
2018_1243_1393,0.45000572242980447
2018_1243_1395,0.5148848853092758
2018_1243_1397,0.43940971575773885
2018_1243_1400,0.4595328708463578
2018_1243_1401,0.5113670481969247
2018_1243_1403,0.38582688554816624
2018_1243_1411,0.8539276177382481
2018_1243_1417,0.524872251604111
2018_1243_1422,0.6324387678642691
2018_1243_1437,0.2698800041586807
2018_1243_1438,0.3136525386148416
2018_1243_1439,0.5520892562600637
2018_1243_1452,0.316670598916406
2018_1243_1455,0.43696051732852204
2018_1243_1460,0.7763496408975239
2018_1243_1462,0.3957455608703415
2018_1246_1252,0.8525096057719433
2018_1246_1254,0.8655306082498485
2018_1246_1260,0.7648932369756608
2018_1246_1267,0.8352350138314761
2018_1246_1274,0.6790921265948857
2018_1246_1276,0.5418654726803882
2018_1246_1277,0.4874374636476332
2018_1246_1281,0.735883607873207
2018_1246_1285,0.7947888113422863
2018_1246_1293,0.7547428463808123
2018_1246_1300,0.8690010148911292
2018_1246_1301,0.6815196669703566
2018_1246_1305,0.7283340904880791
2018_1246_1308,0.7485363286190466
2018_1246_1314,0.3721569554764164
2018_1246_1326,0.5671352433063263
2018_1246_1328,0.7156323259425604
2018_1246_1335,0.8403763691436019
2018_1246_1344,0.7941164306204276
2018_1246_1345,0.5209045709194898
2018_1246_1347,0.8444349422562678
2018_1246_1348,0.6671728283017867
2018_1246_1355,0.8099988641324244
2018_1246_1361,0.7550879905250253
2018_1246_1371,0.6987437919581172
2018_1246_1372,0.8065917401673904
2018_1246_1382,0.7869338329686212
2018_1246_1393,0.6651675371543787
2018_1246_1395,0.7130444775841743
2018_1246_1397,0.6568853476703277
2018_1246_1400,0.6734597825057044
2018_1246_1401,0.7109705933040872
2018_1246_1403,0.6023080128770513
2018_1246_1411,0.8666965414239396
2018_1246_1417,0.7173935402151008
2018_1246_1420,0.857494913223493
2018_1246_1422,0.7774965694608333
2018_1246_1437,0.44289132034188555
2018_1246_1438,0.5034484990004715
2018_1246_1439,0.7361983762294334
2018_1246_1452,0.5167575526009928
2018_1246_1455,0.6550473269623661
2018_1246_1460,0.8381089828945844
2018_1246_1462,0.6162856834106432
2018_1252_1254,0.7050740608950696
2018_1252_1260,0.23501129925578898
2018_1252_1267,0.38738024609136607
2018_1252_1274,0.1996666031585972
2018_1252_1276,0.169856866382916
2018_1252_1277,0.16148138894638367
2018_1252_1281,0.2126228653620988
2018_1252_1285,0.267823590651772
2018_1252_1293,0.227018349002314
2018_1252_1300,0.776706272446405
2018_1252_1301,0.19358732232462686
2018_1252_1305,0.20864626413497758
2018_1252_1308,0.22816011560465174
2018_1252_1326,0.17485558346812105
2018_1252_1328,0.20216195483007204
2018_1252_1335,0.4115209845953323
2018_1252_1344,0.2629243516539897
2018_1252_1345,0.16730189312287785
2018_1252_1347,0.42971564859619277
2018_1252_1348,0.19742318049169044
2018_1252_1355,0.29259257367910013
2018_1252_1361,0.2268597175282574
2018_1252_1371,0.19851795396427332
2018_1252_1372,0.2914859157400536
2018_1252_1382,0.2537694619543387
2018_1252_1393,0.18656828113860768
2018_1252_1395,0.2019417663380551
2018_1252_1397,0.18788879423671245
2018_1252_1400,0.1916927842166764
2018_1252_1401,0.20255456950850945
2018_1252_1403,0.1816446195475995
2018_1252_1411,0.7379756943261643
2018_1252_1417,0.2026190091332797
2018_1252_1420,0.5754096728689666
2018_1252_1422,0.2505133239329667
2018_1252_1437,0.16159128413961785
2018_1252_1438,0.17228338697391438
2018_1252_1439,0.21409016092624955
2018_1252_1452,0.16954726576477255
2018_1252_1455,0.18541418936784895
2018_1252_1460,0.3896509830174253
2018_1252_1462,0.17997230766284547
2018_1254_1260,0.17818458193276185
2018_1254_1267,0.2458321308238748
2018_1254_1274,0.16414986377586735
2018_1254_1276,0.1523245044076365
2018_1254_1277,0.14909916623428196
2018_1254_1281,0.1690890067937815
2018_1254_1285,0.1917828826715211
2018_1254_1293,0.1749316919367238
2018_1254_1300,0.6409636056225263
2018_1254_1301,0.1616159074163453
2018_1254_1305,0.16751690020902754
2018_1254_1308,0.1756280736008392
2018_1254_1314,0.14634739568399363
2018_1254_1326,0.1542835975468473
2018_1254_1328,0.16497476540517483
2018_1254_1335,0.25813985451882077
2018_1254_1344,0.18932336608873968
2018_1254_1345,0.15132787861313943
2018_1254_1348,0.16327539420343026
2018_1254_1355,0.2021124132706577
2018_1254_1361,0.17485074709293094
2018_1254_1371,0.1635500468166518
2018_1254_1372,0.2024064988555144
2018_1254_1382,0.18562138677958612
2018_1254_1393,0.15887160919141352
2018_1254_1395,0.1648795158570717
2018_1254_1397,0.15938354285401732
2018_1254_1400,0.16087480197801124
2018_1254_1401,0.16513436521812105
2018_1254_1403,0.1569673668057867
2018_1254_1411,0.5692458522491887
2018_1254_1417,0.16519240471307875
2018_1254_1420,0.36906932578964535
2018_1254_1422,0.18481083084068783
2018_1254_1437,0.14909177379888125
2018_1254_1438,0.1532985435703235
2018_1254_1439,0.16969987205135242
2018_1254_1452,0.1522029963135524
2018_1254_1455,0.15840768073333494
2018_1254_1460,0.24778442568464915
2018_1254_1462,0.15628076292399867
2018_1260_1267,0.7229590815616318
2018_1260_1277,0.2459526259095817
2018_1260_1281,0.4606136494953749
2018_1260_1285,0.5890138658226793
2018_1260_1293,0.49505187874228856
2018_1260_1300,0.8541734661088527
2018_1260_1301,0.3836104956060364
2018_1260_1308,0.4857164108217629
2018_1260_1314,0.20273718349644773
2018_1260_1326,0.28988037152593626
2018_1260_1328,0.4304730828075699
2018_1260_1335,0.7406042183418791
2018_1260_1344,0.5880668378879668
2018_1260_1345,0.262128304318
2018_1260_1347,0.7550126005089273
2018_1260_1348,0.3741589779019872
2018_1260_1355,0.6333742528119432
2018_1260_1361,0.49564331369887454
2018_1260_1371,0.4046824995453583
2018_1260_1372,0.6241225769597099
2018_1260_1382,0.5682657898686895
2018_1260_1393,0.3668346073705353
2018_1260_1395,0.4249847797723613
2018_1260_1400,0.37462719217232976
2018_1260_1401,0.4213078930187992
2018_1260_1403,0.31517661188638185
2018_1260_1411,0.8446978711609707
2018_1260_1417,0.43633065139408705
2018_1260_1420,0.807287750744708
2018_1260_1422,0.5461331305363054
2018_1260_1437,0.22921474035296874
2018_1260_1438,0.2624416026041214
2018_1260_1439,0.4606654334398358
2018_1260_1452,0.26289054275248436
2018_1260_1455,0.35538407246474685
2018_1260_1460,0.730551602524142
2018_1260_1462,0.32187556758508684
2018_1267_1274,0.24407481548493656
2018_1267_1276,0.19286016038095613
2018_1267_1277,0.17785774548487324
2018_1267_1281,0.26770967478718455
2018_1267_1285,0.3545817102627989
2018_1267_1293,0.29086792185621313
2018_1267_1300,0.8196252458829589
2018_1267_1301,0.23469051643118552
2018_1267_1305,0.26099191583258924
2018_1267_1308,0.2913390958552104
2018_1267_1314,0.16532876298803134
2018_1267_1326,0.20159866849283806
2018_1267_1328,0.2500125038283672
2018_1267_1335,0.5429974035605881
2018_1267_1344,0.3493980537344979
2018_1267_1345,0.18831824506552589
2018_1267_1347,0.557637582404939
2018_1267_1348,0.24012218614472539
2018_1267_1355,0.391923671915239
2018_1267_1361,0.2907203302446606
2018_1267_1371,0.24328573440238238
2018_1267_1372,0.3873008687839817
2018_1267_1382,0.33477702618133554
2018_1267_1393,0.2226905464258171
2018_1267_1395,0.24949422131569401
2018_1267_1397,0.2246911094006874
2018_1267_1400,0.23135580474778675
2018_1267_1401,0.250297237387741
2018_1267_1403,0.21334555540948114
2018_1267_1411,0.797426658043061
2018_1267_1417,0.2508326095967793
2018_1267_1420,0.6901078083112029
2018_1267_1422,0.3268535288901926
2018_1267_1437,0.17808772762065686
2018_1267_1438,0.1967417129403516
2018_1267_1439,0.26987447128011177
2018_1267_1460,0.515566469231617
2018_1267_1462,0.21078852752158336
2018_1274_1276,0.36786946492700856
2018_1274_1277,0.32951729775345917
2018_1274_1281,0.5933997187568896
2018_1274_1285,0.7004021954761668
2018_1274_1293,0.6262229885758549
2018_1274_1300,0.8614385064734011
2018_1274_1301,0.5155269652793842
2018_1274_1305,0.5815817949647075
2018_1274_1308,0.619076756322537
2018_1274_1314,0.25177323145737035
2018_1274_1326,0.39044175505544837
2018_1274_1328,0.5628515643290287
2018_1274_1335,0.7917541457066807
2018_1274_1344,0.6954776269895816
2018_1274_1345,0.3506424167189229
2018_1274_1347,0.805452381884827
2018_1274_1348,0.5015324367319373
2018_1274_1355,0.7295983483328257
2018_1274_1361,0.6265591732197954
2018_1274_1371,0.5387220307198016
2018_1274_1372,0.726281202959368
2018_1274_1382,0.682359384803407
2018_1274_1393,0.49562658597513715
2018_1274_1395,0.5587792704128696
2018_1274_1397,0.4845987648371782
2018_1274_1400,0.5051594616890368
2018_1274_1401,0.5560066109700835
2018_1274_1403,0.4255500388942537
2018_1274_1411,0.8550854621085803
2018_1274_1417,0.5664000429993346
2018_1274_1420,0.8326795569246225
2018_1274_1422,0.6696440090033605
2018_1274_1437,0.2931431695576218
2018_1274_1438,0.3392888348400591
2018_1274_1439,0.5944939660140829
2018_1274_1452,0.3472809563670416
2018_1274_1455,0.4824657984824789
2018_1274_1460,0.7903119150680233
2018_1274_1462,0.4385930414688368
2018_1276_1277,0.4625698796820719
2018_1276_1281,0.7176843431220079
2018_1276_1293,0.7402765808524315
2018_1276_1300,0.8678483094691691
2018_1276_1301,0.6608014078360124
2018_1276_1305,0.7092901796555516
2018_1276_1308,0.7357224909502097
2018_1276_1314,0.3495563104563681
2018_1276_1326,0.5427101010565121
2018_1276_1328,0.6944073065456096
2018_1276_1335,0.8332176382301565
2018_1276_1344,0.7813435273740169
2018_1276_1345,0.49491896081036874
2018_1276_1347,0.840006785793641
2018_1276_1348,0.6495043528905392
2018_1276_1355,0.8006680587298525
2018_1276_1361,0.7404481667423324
2018_1276_1371,0.6788653545369704
2018_1276_1372,0.7987463996092772
2018_1276_1382,0.7739755240751208
2018_1276_1393,0.6413708141540431
2018_1276_1395,0.6927119441579358
2018_1276_1397,0.6351377221185645
2018_1276_1400,0.6524626654580049
2018_1276_1403,0.5799890529741154
2018_1276_1411,0.8648232593888082
2018_1276_1417,0.6951258534156388
2018_1276_1420,0.853807683887818
2018_1276_1422,0.7668433748641559
2018_1276_1438,0.47807045080331184
2018_1276_1439,0.7190561120200121
2018_1276_1452,0.4910105239508482
2018_1276_1455,0.6318452769951851
2018_1276_1460,0.8324343830505652
2018_1276_1462,0.5927188836673214
2018_1277_1281,0.7516947100193786
2018_1277_1285,0.8039064205033948
2018_1277_1293,0.7681950536594534
2018_1277_1300,0.8696389646675987
2018_1277_1301,0.7018708731379387
2018_1277_1305,0.7449303937906505
2018_1277_1308,0.7620696846632964
2018_1277_1314,0.3975624511069555
2018_1277_1326,0.593438167859769
2018_1277_1328,0.7336754863419037
2018_1277_1335,0.8447216916008478
2018_1277_1344,0.8037988219022885
2018_1277_1345,0.5490248803810182
2018_1277_1347,0.8479145210765295
2018_1277_1348,0.6872388904466112
2018_1277_1355,0.8175752300438377
2018_1277_1361,0.7685518131449209
2018_1277_1371,0.7177332302190587
2018_1277_1372,0.8141748911753803
2018_1277_1382,0.7973053032693643
2018_1277_1395,0.7311085288012926
2018_1277_1397,0.6789851054240683
2018_1277_1400,0.694385207857748
2018_1277_1401,0.7289430875245154
2018_1277_1403,0.6267077043748274
2018_1277_1411,0.8676715012793563
2018_1277_1417,0.7354679646555128
2018_1277_1420,0.85963405539454
2018_1277_1422,0.7881979776862792
2018_1277_1437,0.4704447833639686
2018_1277_1438,0.529422063692635
2018_1277_1439,0.7517507681327791
2018_1277_1452,0.5440889710211806
2018_1277_1455,0.677717803444607
2018_1277_1460,0.8424034951174989
2018_1277_1462,0.6409391036890569
2018_1281_1285,0.6392860226937346
2018_1281_1293,0.5507964873577094
2018_1281_1300,0.8591488462975385
2018_1281_1301,0.43522966116979633
2018_1281_1305,0.5033634327942712
2018_1281_1308,0.5410244849659398
2018_1281_1314,0.22119087729320303
2018_1281_1326,0.32963835430092064
2018_1281_1328,0.4841374721871513
2018_1281_1335,0.7709751800408591
2018_1281_1344,0.6393253185548716
2018_1281_1345,0.2955774683766679
2018_1281_1347,0.7805686390441954
2018_1281_1348,0.4253901080393102
2018_1281_1355,0.6792359391180682
2018_1281_1361,0.5514066466776969
2018_1281_1371,0.4579285493852644
2018_1281_1372,0.6697948527140194
2018_1281_1382,0.6209854531349053
2018_1281_1393,0.4152409060797035
2018_1281_1395,0.47896132964197596
2018_1281_1397,0.406555120286825
2018_1281_1400,0.4254650841190435
2018_1281_1401,0.4755425202469452
2018_1281_1403,0.35940293230952597
2018_1281_1411,0.8522985867769001
2018_1281_1417,0.48938317423825073
2018_1281_1420,0.8235056470563539
2018_1281_1422,0.5991581810033121
2018_1281_1437,0.2559827176762178
2018_1281_1438,0.2979785823489176
2018_1281_1439,0.516406136554811
2018_1281_1452,0.2976568519396918
2018_1281_1455,0.40337113721099405
2018_1281_1460,0.7611879670857163
2018_1281_1462,0.3662148869317058
2018_1285_1293,0.42256758192397353
2018_1285_1300,0.8469795303123691
2018_1285_1301,0.3245278769902579
2018_1285_1305,0.38002794770612874
2018_1285_1308,0.4143345291164705
2018_1285_1314,0.18590526843805016
2018_1285_1326,0.2509486747426611
2018_1285_1328,0.36472435079004323
2018_1285_1335,0.6958041988147584
2018_1285_1344,0.5160623523657086
2018_1285_1345,0.22967071590791077
2018_1285_1347,0.7123193723150731
2018_1285_1348,0.31802082564687045
2018_1285_1355,0.5647531924575777
2018_1285_1361,0.4231171392452329
2018_1285_1371,0.3421165898659375
2018_1285_1372,0.5542346404168974
2018_1285_1382,0.4949607808214325
2018_1285_1393,0.3108504712568732
2018_1285_1395,0.35961093365735364
2018_1285_1397,0.30329431210729285
2018_1285_1400,0.31716650395310053
2018_1285_1401,0.3562993484651645
2018_1285_1403,0.2706764773766466
2018_1285_1411,0.8341923165942674
2018_1285_1417,0.3705181939466382
2018_1285_1420,0.7831721979350234
2018_1285_1422,0.47225153088075217
2018_1285_1437,0.20561636162041455
2018_1285_1438,0.23141004071801713
2018_1285_1439,0.3909642996386583
2018_1285_1452,0.2307733835861823
2018_1285_1455,0.3014606159995754
2018_1285_1460,0.6810509707526968
2018_1285_1462,0.2751345875080119
2018_1293_1300,0.8559194167053694
2018_1293_1301,0.40235448361698734
2018_1293_1305,0.46881465726470795
2018_1293_1308,0.5067243658090396
2018_1293_1314,0.20866015548849598
2018_1293_1326,0.30311812583145686
2018_1293_1328,0.45047946816326906
2018_1293_1335,0.7517158065744445
2018_1293_1344,0.60758647205888
2018_1293_1345,0.2732845383677175
2018_1293_1347,0.7652277729752666
2018_1293_1348,0.3922220183485067
2018_1293_1355,0.6512887212759988
2018_1293_1361,0.516782210913451
2018_1293_1371,0.4242174074381099
2018_1293_1372,0.6424345860090583
2018_1293_1382,0.588428082832813
2018_1293_1393,0.38464658877530383
2018_1293_1395,0.4450206904894814
2018_1293_1397,0.3750257065051299
2018_1293_1400,0.3929840569766177
2018_1293_1401,0.44134645854064625
2018_1293_1403,0.3300909624737599
2018_1293_1411,0.8472816292920814
2018_1293_1417,0.456191138763207
2018_1293_1420,0.8131279640480438
2018_1293_1422,0.5668041869262362
2018_1293_1437,0.2375267273852318
2018_1293_1438,0.273260489784918
2018_1293_1439,0.4815267254365784
2018_1293_1455,0.37276347366399326
2018_1293_1460,0.7426129951543575
2018_1293_1462,0.33736923001586266
2018_1300_1301,0.153085101953224
2018_1300_1305,0.15635753440864913
2018_1300_1308,0.16143237784605388
2018_1300_1314,0.14422527176311026
2018_1300_1326,0.14892762369707624
2018_1300_1328,0.1548187294052628
2018_1300_1335,0.2077284130991841
2018_1300_1344,0.1687239703414264
2018_1300_1345,0.14715122754595178
2018_1300_1347,0.21653629823021797
2018_1300_1348,0.15428100551082727
2018_1300_1355,0.1763430840714049
2018_1300_1361,0.16074377291608533
2018_1300_1371,0.1541816044234515
2018_1300_1372,0.17701299992120662
2018_1300_1382,0.1667222616465252
2018_1300_1393,0.15137042183767052
2018_1300_1395,0.15484344515047951
2018_1300_1397,0.15181928233498146
2018_1300_1400,0.1526700909292315
2018_1300_1401,0.15507475102422144
2018_1300_1403,0.15053333763939186
2018_1300_1417,0.15485316906324614
2018_1300_1420,0.27678522303873637
2018_1300_1422,0.16674331121475072
2018_1300_1437,0.1458778744362324
2018_1300_1438,0.14844533521061185
2018_1300_1439,0.15770687761498695
2018_1300_1452,0.14772490826317092
2018_1300_1455,0.1511745460047852
2018_1300_1460,0.20286633371792515
2018_1300_1462,0.15002839175353008
2018_1301_1305,0.5842488453275233
2018_1301_1308,0.6194906180461255
2018_1301_1314,0.2525246760819661
2018_1301_1326,0.3926151293360108
2018_1301_1328,0.5653669853474766
2018_1301_1335,0.7989467011216806
2018_1301_1344,0.7014665782786572
2018_1301_1345,0.35155159083374365
2018_1301_1347,0.8083616881481018
2018_1301_1348,0.5024931121180857
2018_1301_1355,0.7338361066812161
2018_1301_1361,0.628908306153126
2018_1301_1372,0.7277655174646752
2018_1301_1382,0.6873018839556994
2018_1301_1393,0.4954767592743705
2018_1301_1395,0.5607647958823059
2018_1301_1397,0.4850263798053221
2018_1301_1400,0.5057363825916316
2018_1301_1401,0.5575311498005043
2018_1301_1403,0.4277724351500304
2018_1301_1411,0.8577010321040869
2018_1301_1417,0.569539719312595
2018_1301_1420,0.8370659978037384
2018_1301_1422,0.6706872858175926
2018_1301_1437,0.2969979954039335
2018_1301_1438,0.3465970423657896
2018_1301_1439,0.5968126632512789
2018_1301_1452,0.35102469741333114
2018_1301_1455,0.48235329616530076
2018_1301_1460,0.7942055636215547
2018_1301_1462,0.43892451141350697
2018_1305_1308,0.5534305032998642
2018_1305_1314,0.22588670232259098
2018_1305_1326,0.339261304383828
2018_1305_1328,0.4969364831859901
2018_1305_1335,0.7766267176180209
2018_1305_1344,0.6502096101264809
2018_1305_1345,0.30392101393179166
2018_1305_1347,0.7855773309266318
2018_1305_1348,0.4372708739419351
2018_1305_1355,0.688753741710995
2018_1305_1361,0.5639424270237369
2018_1305_1371,0.47057950814653254
2018_1305_1372,0.6794465055646786
2018_1305_1382,0.6323433528305425
2018_1305_1393,0.4272563185773007
2018_1305_1395,0.49177547892407425
2018_1305_1397,0.4184190071710247
2018_1305_1401,0.48833207105636384
2018_1305_1403,0.3699212390978879
2018_1305_1411,0.853554124230603
2018_1305_1417,0.502101260061186
2018_1305_1420,0.8263660615733722
2018_1305_1422,0.6107502511506719
2018_1305_1437,0.26250436492662155
2018_1305_1438,0.3061634186726945
2018_1305_1439,0.529236283502684
2018_1305_1452,0.3060261071827292
2018_1305_1455,0.41519080572702893
2018_1305_1460,0.7672015571106598
2018_1305_1462,0.37708460169039254
2018_1308_1314,0.2108743673101106
2018_1308_1326,0.30753110076435947
2018_1308_1328,0.46095040106173335
2018_1308_1335,0.7516516560879373
2018_1308_1344,0.6142577510427977
2018_1308_1345,0.27777821791845586
2018_1308_1347,0.7679268013012995
2018_1308_1348,0.39889918125935026
2018_1308_1355,0.6575142529168556
2018_1308_1361,0.5262457260515322
2018_1308_1371,0.43381888198595986
2018_1308_1372,0.6503541218039404
2018_1308_1382,0.5960745643911591
2018_1308_1393,0.39499170355365076
2018_1308_1395,0.4552184798867423
2018_1308_1397,0.38338663550039903
2018_1308_1400,0.401876079634953
2018_1308_1401,0.4511592846489689
2018_1308_1403,0.3349327822017057
2018_1308_1411,0.8461464908362699
2018_1308_1417,0.46687056084191175
2018_1308_1420,0.8121810164676625
2018_1308_1422,0.5760966455528505
2018_1308_1437,0.23911022424424427
2018_1308_1438,0.2734155663891626
2018_1308_1439,0.491273944083015
2018_1308_1452,0.27659850428479277
2018_1308_1455,0.38211131685801125
2018_1308_1460,0.7455687705422539
2018_1308_1462,0.3445049729768159
2018_1314_1326,0.6983810360514681
2018_1314_1328,0.7876265858881242
2018_1314_1335,0.8549924301809428
2018_1314_1344,0.831004976621395
2018_1314_1345,0.6627333330003722
2018_1314_1347,0.8582899766832278
2018_1314_1348,0.7649366312797709
2018_1314_1355,0.8402473254124709
2018_1314_1361,0.8119713462867854
2018_1314_1371,0.7807330084461241
2018_1314_1372,0.8395059799879829
2018_1314_1382,0.827672083332443
2018_1314_1393,0.7588831270077412
2018_1314_1395,0.7873778599400496
2018_1314_1397,0.7569603502053247
2018_1314_1400,0.7666313630599008
2018_1314_1403,0.7233119926788831
2018_1314_1411,0.8696396856140773
2018_1314_1417,0.7870908443810246
2018_1314_1420,0.8645470454011882
2018_1314_1422,0.8247166617318091
2018_1314_1437,0.5908638511433052
2018_1314_1438,0.6433082374227224
2018_1314_1439,0.8013014222729535
2018_1314_1452,0.6585613850262022
2018_1314_1455,0.7543877649161148
2018_1314_1460,0.8548104782244785
2018_1314_1462,0.7316918120650154
2018_1326_1328,0.6730015423804376
2018_1326_1335,0.826380136298709
2018_1326_1344,0.7680880647763247
2018_1326_1345,0.46853304836395454
2018_1326_1347,0.835006721266058
2018_1326_1348,0.6271623523725784
2018_1326_1361,0.7236643631873809
2018_1326_1371,0.6569519949597823
2018_1326_1372,0.7888818854954845
2018_1326_1382,0.7601077203520122
2018_1326_1393,0.617163713422037
2018_1326_1395,0.6713904666498612
2018_1326_1397,0.6109679761317379
2018_1326_1400,0.629110117063859
2018_1326_1401,0.6705810514597336
2018_1326_1403,0.554359437983814
2018_1326_1411,0.8631234504229203
2018_1326_1417,0.6736132816196947
2018_1326_1420,0.8502976807848113
2018_1326_1422,0.7534236255751219
2018_1326_1437,0.3917873648676146
2018_1326_1438,0.45192414649802887
2018_1326_1439,0.7000932539660897
2018_1326_1452,0.4644829161206207
2018_1326_1455,0.6073156388411638
2018_1326_1460,0.8262199614857675
2018_1326_1462,0.5670137967745833
2018_1328_1335,0.7855082406463183
2018_1328_1344,0.6660656433441934
2018_1328_1345,0.31875413826601146
2018_1328_1347,0.7922593599718513
2018_1328_1355,0.7019728469399035
2018_1328_1361,0.5820751082007103
2018_1328_1371,0.4899110431547796
2018_1328_1372,0.692118822799402
2018_1328_1382,0.6487061344893065
2018_1328_1393,0.44579412043227024
2018_1328_1395,0.5111405597817005
2018_1328_1397,0.43726954619843705
2018_1328_1400,0.4567911360912588
2018_1328_1401,0.5076792339214448
2018_1328_1403,0.38798604677712006
2018_1328_1411,0.8557689851901177
2018_1328_1417,0.5213240045990418
2018_1328_1420,0.830968000340848
2018_1328_1422,0.6266551129902351
2018_1328_1437,0.27528854874073005
2018_1328_1438,0.3223254532842747
2018_1328_1439,0.5482396058085902
2018_1328_1452,0.321630783551054
2018_1328_1455,0.433750392818823
2018_1328_1460,0.7754692850145498
2018_1328_1462,0.3949908297708116
2018_1335_1344,0.3278566602088463
2018_1335_1345,0.18164554135788796
2018_1335_1347,0.5323146137061007
2018_1335_1348,0.22679738763059398
2018_1335_1355,0.36774727438563065
2018_1335_1361,0.27313649646533944
2018_1335_1371,0.23041927302876847
2018_1335_1372,0.36332680526197453
2018_1335_1382,0.3140694768779393
2018_1335_1393,0.21261427394040674
2018_1335_1395,0.23635858788169933
2018_1335_1397,0.2136916265541587
2018_1335_1400,0.21965885685454822
2018_1335_1401,0.23676403480241287
2018_1335_1403,0.2031826194106817
2018_1335_1411,0.787290174884498
2018_1335_1417,0.2383097797893274
2018_1335_1420,0.6699355547011746
2018_1335_1422,0.30617592823527345
2018_1335_1437,0.1725607724708315
2018_1335_1438,0.18832817900808127
2018_1335_1439,0.25436842916799923
2018_1335_1452,0.18470040336703827
2018_1335_1455,0.21038601861665035
2018_1335_1460,0.48915948011093013
2018_1335_1462,0.20136523405498238
2018_1344_1345,0.2329323473726128
2018_1344_1347,0.7121736475194178
2018_1344_1348,0.323818941402118
2018_1344_1355,0.5648275225634466
2018_1344_1361,0.42411775251966954
2018_1344_1371,0.3434760982450083
2018_1344_1372,0.5536552876259017
2018_1344_1382,0.49500812281739454
2018_1344_1393,0.3101329139472402
2018_1344_1395,0.3593922650616181
2018_1344_1397,0.30584053562308305
2018_1344_1400,0.3193284341236944
2018_1344_1403,0.2763067305548397
2018_1344_1411,0.8372963621425668
2018_1344_1417,0.36796972826806984
2018_1344_1420,0.7870303934774725
2018_1344_1422,0.47324968001893475
2018_1344_1437,0.2099622708350097
2018_1344_1438,0.23921981221225944
2018_1344_1439,0.3917317116009932
2018_1344_1452,0.23612984072996904
2018_1344_1455,0.3023069208317017
2018_1344_1460,0.6815148318197836
2018_1344_1462,0.27813002706792916
2018_1345_1347,0.8430277311562238
2018_1345_1348,0.6666592059660396
2018_1345_1355,0.8071580567145167
2018_1345_1361,0.7518532944294916
2018_1345_1371,0.6944455804422368
2018_1345_1372,0.8054037273316966
2018_1345_1382,0.7826885804210676
2018_1345_1393,0.6587383409697728
2018_1345_1395,0.7073204327669635
2018_1345_1397,0.6531061366019845
2018_1345_1400,0.6695574953866389
2018_1345_1401,0.7064658270913582
2018_1345_1411,0.8656317912544399
2018_1345_1417,0.7092526924871054
2018_1345_1420,0.8555996106211388
2018_1345_1422,0.7761795049122938
2018_1345_1437,0.4363973820102897
2018_1345_1438,0.49850190502772623
2018_1345_1439,0.7320002099542147
2018_1345_1452,0.5121498505665029
2018_1345_1455,0.6498488247260373
2018_1345_1460,0.8361332264552869
2018_1345_1462,0.6124085771944472
2018_1347_1348,0.21192590833396224
2018_1347_1355,0.351064591696812
2018_1347_1361,0.259040935231848
2018_1347_1371,0.22002755052588027
2018_1347_1372,0.3435539139568505
2018_1347_1382,0.3006039471548059
2018_1347_1393,0.20621882304375463
2018_1347_1395,0.22754026087512808
2018_1347_1397,0.2038020897189588
2018_1347_1400,0.2094908521348399
2018_1347_1401,0.22626397741109266
2018_1347_1403,0.1918195951593302
2018_1347_1411,0.7740808397621083
2018_1347_1417,0.23290511591317703
2018_1347_1420,0.6532407313470421
2018_1347_1422,0.28772126719681534
2018_1347_1438,0.17736960798071036
2018_1347_1439,0.2425387119107476
2018_1347_1452,0.17602218574412662
2018_1347_1455,0.20255567396464547
2018_1347_1460,0.47213195537058283
2018_1347_1462,0.19249208059044323
2018_1348_1355,0.7368574708671856
2018_1348_1361,0.6384375683116563
2018_1348_1371,0.5527065999587919
2018_1348_1372,0.7343000911635238
2018_1348_1382,0.6915466786805371
2018_1348_1393,0.5097257020485619
2018_1348_1395,0.5720522360840243
2018_1348_1397,0.49913683929736663
2018_1348_1400,0.5196013344904837
2018_1348_1401,0.5696241624894133
2018_1348_1403,0.4394305541026151
2018_1348_1411,0.8557002194412419
2018_1348_1417,0.5787608474715328
2018_1348_1420,0.8342600762021334
2018_1348_1422,0.6803258042845628
2018_1348_1437,0.3022336701069801
2018_1348_1438,0.3496401080654248
2018_1348_1439,0.607191205682863
2018_1348_1452,0.3587701206539243
2018_1348_1455,0.4968544339942822
2018_1348_1460,0.7944197492981602
2018_1348_1462,0.4528726393729414
2018_1355_1361,0.3792094564199658
2018_1355_1371,0.3072282189284402
2018_1355_1372,0.5055793735113195
2018_1355_1382,0.44652920304076116
2018_1355_1393,0.27965715695165816
2018_1355_1395,0.32179979263657704
2018_1355_1397,0.2745928225389087
2018_1355_1400,0.28618290232863525
2018_1355_1401,0.3193765088619937
2018_1355_1403,0.24884678157200896
2018_1355_1411,0.8268203395780663
2018_1355_1417,0.3308333737885556
2018_1355_1420,0.7647712502472521
2018_1355_1422,0.4255213706156467
2018_1355_1437,0.19481690185992986
2018_1355_1438,0.21761088563310502
2018_1355_1439,0.34993341777529363
2018_1355_1452,0.21576189524549025
2018_1355_1455,0.2722917311127818
2018_1355_1460,0.6423431228157099
2018_1355_1462,0.2511858321457441
2018_1361_1371,0.4236955467485772
2018_1361_1372,0.6419146330402051
2018_1361_1382,0.5879870806307858
2018_1361_1393,0.3840389334766887
2018_1361_1395,0.4444301755902021
2018_1361_1397,0.37461701487842736
2018_1361_1400,0.39252973528699114
2018_1361_1401,0.44080064888944176
2018_1361_1403,0.3299870612303701
2018_1361_1411,0.8474103971161097
2018_1361_1417,0.4555318039711434
2018_1361_1420,0.8132670434997163
2018_1361_1422,0.5662387602150852
2018_1361_1437,0.2376012236276781
2018_1361_1438,0.2735206679064565
2018_1361_1439,0.4809731509932595
2018_1361_1452,0.27405526585889106
2018_1361_1455,0.3722546143616991
2018_1361_1460,0.7424466420602258
2018_1361_1462,0.3370549499597814
2018_1371_1372,0.7127452474292878
2018_1371_1382,0.6697306039660196
2018_1371_1393,0.47195395372018195
2018_1371_1395,0.5375466332457538
2018_1371_1397,0.4616260807755684
2018_1371_1400,0.482084535591459
2018_1371_1401,0.5341256905877272
2018_1371_1403,0.40658646060057857
2018_1371_1411,0.8562634275824486
2018_1371_1417,0.547075992846841
2018_1371_1420,0.8335611811021942
2018_1371_1422,0.6514855393164575
2018_1371_1437,0.2836059268017332
2018_1371_1438,0.330874849236012
2018_1371_1439,0.574362482216814
2018_1371_1452,0.33391803955408117
2018_1371_1455,0.45890939028932587
2018_1371_1460,0.7858728441034339
2018_1371_1462,0.4167059865016315
2018_1372_1382,0.457574758995077
2018_1372_1393,0.287708134777423
2018_1372_1395,0.33093951183182635
2018_1372_1397,0.2796971363789224
2018_1372_1400,0.2920375479226636
2018_1372_1401,0.32736586268456547
2018_1372_1411,0.8253518352893312
2018_1372_1417,0.34229177795148796
2018_1372_1420,0.7651010150220515
2018_1372_1422,0.4347909742187962
2018_1372_1437,0.19483123173566652
2018_1372_1438,0.21597893575409538
2018_1372_1439,0.3588840907502931
2018_1372_1452,0.21604271206795037
2018_1372_1455,0.2787493088703817
2018_1372_1460,0.6500845664385532
2018_1372_1462,0.2549830310101355
2018_1382_1393,0.3248298927805453
2018_1382_1395,0.37688530741579884
2018_1382_1397,0.3190749535742821
2018_1382_1400,0.33361221214063214
2018_1382_1401,0.37423021402638706
2018_1382_1403,0.28609789513274714
2018_1382_1411,0.8397644755500593
2018_1382_1420,0.793742200183272
2018_1382_1422,0.493677404460624
2018_1382_1437,0.21474416637280047
2018_1382_1438,0.24507115944023272
2018_1382_1439,0.4103758471526749
2018_1382_1452,0.24280324691483124
2018_1382_1455,0.31593907422752016
2018_1382_1460,0.6970720768746024
2018_1382_1462,0.28917798296350244
2018_1393_1397,0.5059549811975609
2018_1393_1400,0.5264786033109145
2018_1393_1401,0.5775937182116356
2018_1393_1403,0.4493525572436264
2018_1393_1411,0.8602517774921965
2018_1393_1417,0.590435643364099
2018_1393_1420,0.8419968882034959
2018_1393_1422,0.6843698821740103
2018_1393_1437,0.3153908653545831
2018_1393_1438,0.3688795783084355
2018_1393_1439,0.6157591126367571
2018_1393_1452,0.37192926375363067
2018_1393_1455,0.5031690903961141
2018_1393_1460,0.8016465326548339
2018_1393_1462,0.45992996758508975
2018_1395_1397,0.44135545286884326
2018_1395_1400,0.46122659649856595
2018_1395_1401,0.5127119370947733
2018_1395_1403,0.39009959084729373
2018_1395_1411,0.8555727348466169
2018_1395_1417,0.5263326708003684
2018_1395_1420,0.8311307015912144
2018_1395_1422,0.6322586588173386
2018_1395_1437,0.2750181694230415
2018_1395_1438,0.3214413817376026
2018_1395_1439,0.5534141316888991
2018_1395_1452,0.3220728910154457
2018_1395_1455,0.43819860104379926
2018_1395_1460,0.7778012356476554
2018_1395_1462,0.39823231487078886
2018_1397_1400,0.5368920032646579
2018_1397_1401,0.5874890542903708
2018_1397_1403,0.4569434086385054
2018_1397_1411,0.8593527557258636
2018_1397_1417,0.5978390681136618
2018_1397_1420,0.8410952177968392
2018_1397_1422,0.6941270545315357
2018_1397_1437,0.3163467122885592
2018_1397_1438,0.36889026346177517
2018_1397_1439,0.6249949438542637
2018_1397_1452,0.37531298971247345
2018_1397_1455,0.5134952288836842
2018_1397_1462,0.4692216045280672
2018_1400_1401,0.5676790842738625
2018_1400_1403,0.43732959037100544
2018_1400_1411,0.8582305519313543
2018_1400_1417,0.5791330909437197
2018_1400_1420,0.8384009707164102
2018_1400_1422,0.6788026930726507
2018_1400_1437,0.30311878574904405
2018_1400_1438,0.35364858384083386
2018_1400_1439,0.6064175327440829
2018_1400_1452,0.3588124272150063
2018_1400_1455,0.4927739649336774
2018_1400_1460,0.7975435566517416
2018_1400_1462,0.44893925316588146
2018_1401_1403,0.39124527200032994
2018_1401_1411,0.8551019853884901
2018_1401_1417,0.5296545267188545
2018_1401_1420,0.8306896040049899
2018_1401_1422,0.6361518292345977
2018_1401_1437,0.2742819842977124
2018_1401_1438,0.3198201763257866
2018_1401_1439,0.556887007499517
2018_1401_1452,0.3218379911453748
2018_1401_1455,0.44142549670186193
2018_1401_1460,0.7789668783576911
2018_1401_1462,0.4004705528739072
2018_1403_1411,0.8608759338600328
2018_1403_1417,0.6435076978056588
2018_1403_1420,0.8454978570872517
2018_1403_1422,0.7320508075982677
2018_1403_1438,0.4156390449231291
2018_1403_1439,0.671642393710068
2018_1403_1452,0.4273020791804271
2018_1403_1455,0.5715404835823024
2018_1403_1460,0.816972190239335
2018_1403_1462,0.5292820997451876
2018_1411_1417,0.1608285749120423
2018_1411_1420,0.3277805779474423
2018_1411_1422,0.17922549605332486
2018_1411_1437,0.14834986686294502
2018_1411_1438,0.15239311916063994
2018_1411_1439,0.16556876654734048
2018_1411_1452,0.15116291822632683
2018_1411_1455,0.15594235167773274
2018_1411_1460,0.23016191305156294
2018_1417_1420,0.8305959485294827
2018_1417_1422,0.6204449960604683
2018_1417_1437,0.276591699367018
2018_1417_1438,0.32437031985764686
2018_1417_1439,0.5429117863820723
2018_1417_1452,0.3222525939274159
2018_1417_1455,0.42976656595042795
2018_1417_1460,0.7724766943319763
2018_1417_1462,0.3924877451183461
2018_1420_1422,0.22605356183940414
2018_1420_1437,0.15677829575205213
2018_1420_1439,0.197281180742941
2018_1420_1452,0.1628855623306941
2018_1420_1455,0.1751165799308676
2018_1420_1460,0.34081611392938765
2018_1420_1462,0.17091505221172854
2018_1422_1437,0.2172843861499747
2018_1422_1438,0.24568255225596963
2018_1422_1439,0.4320001489614454
2018_1422_1452,0.24696265181777763
2018_1422_1455,0.3329069374590933
2018_1422_1460,0.7106384618179198
2018_1422_1462,0.30124089990271957
2018_1437_1438,0.5777625100131698
2018_1437_1439,0.7699405129795396
2018_1437_1455,0.706787972516708
2018_1437_1460,0.8458171762906005
2018_1437_1462,0.6787794967705164
2018_1438_1439,0.731514023446677
2018_1438_1452,0.5302506038618405
2018_1438_1455,0.6550630028925148
2018_1438_1460,0.8329972573787188
2018_1438_1462,0.6237255259611814
2018_1439_1452,0.2953976187496479
2018_1439_1455,0.4030651385853484
2018_1439_1460,0.7608524586395665
2018_1439_1462,0.3652172790659899
2018_1452_1455,0.6502437283290641
2018_1452_1460,0.8346939929419751
2018_1452_1462,0.6149617693333729
2018_1455_1460,0.8055104623410695
2018_1455_1462,0.47218526365621777
2018_1460_1462,0.20373280914590558
